{
    "header": [
        " *   ",
        " *   文件描述：本文件为网页资源信息",
        " *   success字段为下载保存成功的资源;failures字段则为下载保存失败的资源URL",
        " *   success字段为标准树结构，每一层资源父子关系、URL和保存路径清晰明了",
        " *   本文件仅为记录检测到的网页资源以便于调试，非专业人员可将本文件删除",
        " *   详细介绍请参考: https://bazhan.me/faq",
        " *   "
    ],
    "success": [
        {
            "url": "http://m.myto.top/",
            "path": "index.html",
            "children": [
                {
                    "url": "http://m.myto.top/tx.jpg",
                    "path": "images/tx.jpeg"
                },
                {
                    "url": "http://m.myto.top/js/page.3a0791a3.js",
                    "path": "js/page.3a0791a3.js"
                },
                {
                    "url": "http://m.myto.top/js/stats.js",
                    "path": "js/stats.js"
                },
                {
                    "url": "http://m.myto.top/css/h.9c69ed6c.css",
                    "path": "css/h.9c69ed6c.css"
                },
                {
                    "url": "http://m.myto.top/css/nekotora.99cf6f8c.css",
                    "path": "css/nekotora.99cf6f8c.css",
                    "children": [
                        {
                            "url": "http://m.myto.top/fonts/nekotora.54f9b137.eot",
                            "path": "fonts/nekotora.54f9b137.eot"
                        },
                        {
                            "url": "http://m.myto.top/fonts/nekotora.4ea5ebe6.woff2",
                            "path": "fonts/nekotora.4ea5ebe6.woff2"
                        },
                        {
                            "url": "http://m.myto.top/fonts/nekotora.9106c612.woff",
                            "path": "fonts/nekotora.9106c612.woff"
                        },
                        {
                            "url": "http://m.myto.top/fonts/nekotora.28169ea4.ttf",
                            "path": "fonts/nekotora.28169ea4.ttf"
                        }
                    ]
                },
                {
                    "url": "http://m.myto.top/images/favicon.png",
                    "path": "images/favicon.png"
                },
                {
                    "url": "http://m.myto.top/404.html",
                    "path": "404.html",
                    "children": [
                        {
                            "url": "http://cdn.zhaolinlang.com/cdn.dnpw.org/project/404/0/common/404.js",
                            "path": "js/404.js"
                        },
                        {
                            "url": "http://cdn.zhaolinlang.com/cdn.dnpw.org/project/404/0/common/404.css",
                            "path": "css/404.css"
                        }
                    ]
                }
            ]
        }
    ],
    "failures": []
}