{
    "header": [
        " *   ",
        " *   文件描述：本文件为请求参数，包括不限于网址、请求头、响应头、COOKIE、Referer、UserAgent",
        " *   本文件仅为记录详细请求参数便于调试，非专业人员可将本文件删除",
        " *   详细介绍请参考: https://bazhan.me/faq",
        " *   "
    ],
    "directory": "m-myto-top-f4jtf1t6",
    "options": {
        "url": "http://m.myto.top/",
        "index": "index.html",
        "domain": "m.myto.top",
        "origin": "http://m.myto.top",
        "ipaddress": "162.209.206.216",
        "originURL": "http://m.myto.top/",
        "filenameGenerator": "byType",
        "request": {
            "headers": {
                "accept": "text/html,*/*",
                "accept-language": "zh-CN,zh;q=0.9",
                "accept-encoding": "gzip",
                "cache-control": "no-cache",
                "user-agent": "Mozilla/5.0 (Windows NT 10.0; Win64; x64) AppleWebKit/537.36 (KHTML, like Gecko) Chrome/78.0.3904.108 Safari/537.36",
                "x-scraper-website": "https://bazhan.me/"
            }
        },
        "response": {
            "statusCode": 200,
            "headers": {
                "server": "nginx",
                "date": "Sat, 05 Jun 2021 06:23:36 GMT",
                "content-type": "text/html",
                "last-modified": "Sat, 05 Jun 2021 06:14:33 GMT",
                "transfer-encoding": "chunked",
                "connection": "close",
                "vary": "Accept-Encoding",
                "etag": "W/\"60bb1649-24fd\"",
                "content-encoding": "gzip"
            }
        }
    },
    "user": {
        "isWhite": false
    },
    "formatter": [
        "saveOriginal"
    ],
    "time": {
        "start": 1622874216300,
        "end": 1622874223182,
        "spend": 6.882
    }
}